{
    "alpha_p": [
        -0.24494812991818543,
        -0.05770329965684663,
        -0.15574064621946682,
        0.27525906748114265,
        0.7713523558225469,
        0.13220974502624547,
        -0.03803588513532357,
        0.012244369020508275,
        0.07411538503161891,
        0.6881968864093956,
        -0.16879511333209007,
        0.21995730065988475,
        0.013390027061556087,
        0.3072787887670502,
        -0.7045312128331558,
        -0.06397487143427613,
        -0.08953634137313653,
        -0.22900945318293087,
        0.17315983432192317,
        0.18974543882549005,
        -0.07597750980315116,
        0.08470323144774122,
        -0.07193452564544141,
        -0.08319578917112705,
        -0.15771419500042064,
        -0.24500218608109864,
        0.010272124618119438,
        -0.2904575401342961,
        -0.11694328910747534,
        -0.12393723792382005,
        -0.24151991427518796
    ],
    "beta_p": [
        0.24751847466256938,
        0.23733892030786016,
        -0.023218773153140016,
        -0.12316441778339858,
        -0.35646474540998785,
        0.1196749145059131,
        0.057605505617278875,
        0.22049545040659158,
        0.2681487812753215,
        -0.28550596974120596,
        -0.09352847934895327,
        -0.06158404882413147,
        -0.1735051094722466,
        -0.6243867663677471,
        0.2948149183155597,
        0.050602888535627034,
        0.23915695630946984,
        0.13952644667226963,
        -0.030849303745592613,
        -0.15635898876447765,
        0.26841783671523617,
        0.09744983465390711,
        0.2706324689316153,
        0.21626962688870943,
        0.03397056572287679,
        -0.022347885046906924,
        0.09778077101976738,
        -0.011884288306797042,
        0.15249274062473442,
        0.2220214503035006,
        0.17870026619961085
    ],
    "home_adv_p": 0.282999714920475,
    "alpha_dc": [
        -0.24412595351531374,
        -0.05667568927696815,
        -0.1599849100243697,
        0.2755347322798278,
        0.7708605139029717,
        0.1316110673357174,
        -0.03962385284216547,
        0.011216026656834084,
        0.0723499280934827,
        0.6885099369063402,
        -0.17021106776863545,
        0.21919574766115776,
        0.012442009128828747,
        0.3081428046668847,
        -0.7019659768726114,
        -0.06411690102622235,
        -0.08628644736909502,
        -0.23163475516521653,
        0.1723716125540294,
        0.19254191627091768,
        -0.07344130663831847,
        0.08429960642562541,
        -0.07509570933082538,
        -0.07844464930252572,
        -0.16003939386497057,
        -0.24504993145613227,
        0.009254157731247926,
        -0.29050828963796876,
        -0.11704583388828206,
        -0.12698820993641338,
        -0.23720074318336018
    ],
    "beta_dc": [
        0.24738129514129303,
        0.23753472877546494,
        -0.023795793364907933,
        -0.12553868911916205,
        -0.3570979407052914,
        0.12004672042545494,
        0.057941869390229404,
        0.2210344236010597,
        0.2648589782001842,
        -0.2829572655437874,
        -0.09248861944318905,
        -0.06107095889079328,
        -0.1730412172723972,
        -0.6258750145589034,
        0.29499025935572254,
        0.04959509816228283,
        0.24247334597778478,
        0.1373671767473301,
        -0.031152578346021403,
        -0.15503209100181023,
        0.27074067005999036,
        0.09520477730149936,
        0.26842583478143284,
        0.21828209631021364,
        0.03223520843691672,
        -0.022321907286288214,
        0.09705346281684606,
        -0.011206248746624323,
        0.1557237505496002,
        0.22034493970278984,
        0.17712320393074907
    ],
    "home_adv_dc": 0.28320353469740434,
    "rho_dc": -0.046926880688297784
}